Id,Predicted
75823,0.173410615
75825,0.173410615
75858,0.173410615
75860,0.173410615
75906,0.173410615
75923,0.173410615
75940,0.173410615
75957,0.173410615
75971,0.173410615
